USE CSC312-CISTeamProject;

-- In Create table, we need to use courseID INT IDENTITY (1,1) to increment
INSERT INTO Courses (courseName, courseDescription, department, collegeCode, prerequisites, semester, classroom) VALUES
('Programming 1', 'Learn how to program in a modern object-oriented language', 'CS/IST', 'CLA', 'CSC 125', '19F', 'WSC 238'),
('Introduction to Databases', 'Introduces relational database concepts and basic SQL skills with practical experience', 'CS/IST', 'CLA', 'IST 126', NULL, 'WSC 240'),
('Management Information Systems', NULL, 'CS/IST', 'CLA', 'CSC 125', '19F', 'WSC 239'),
('Technical Communication', NULL, 'CS/IST', 'CLA', 'TCO 141', '19F', 'SEB 220'),
('Computer Organization and Logic Design', NULL, 'CS/IST', NULL, 'CSC 204', '06S', 'CSB 238'),
('Intro to Internet Programming', NULL, 'CS', 'MUSE', 'IST 126, 220, 222', '06S', 'WSC 212'),
('Communication in Management', NULL, 'TCO', 'MUSE', 'TCO 141', '06S', 'SEB 201'),
('Usability', NULL, 'TCO', 'MUSE', 'TCO 141, 341', '06S', 'SEB 202'),
('Social Media Management', NULL, 'TCO', 'MUSE', 'TCO 141, 341', '06S', 'SEB 201'),
('Cyber Forensics', NULL, 'TCO', 'MUSE', 'IST 126, 220, 221', '06S', 'WSC 212'),
('System Servers Security and Admin', NULL, 'TCO', 'MUSE', 'IST 126, 220, 221, 222, 317', '06S', 'WSC 213'),
('Experiential Learning Tech Support', NULL, 'CS', NULL, NULL, '2nd', NULL),
('Beginning Spanish 2', NULL, 'Foreign Language', NULL, NULL, '2nd', 'KNT 101'),
('Engaging the Old Testament', NULL, 'Religion', NULL, NULL, '2nd', 'KNT 307'),
('Software Engineering', NULL, 'CS', 'CLA', 'CSC 205, 322', '19F', 'WSC 212'),
('Organization of Programming Languages', NULL, 'CS', 'CLA', 'CSC 245', '19F', 'WSC 212'),
('Undergraduate Research', NULL, 'CS', 'CLA', 'Consent of Instructor', '19F', 'WSC 212'),
('Information Assurance and Security', NULL, 'CS', 'CLA', 'IST 221, 222', '19F', 'WSC 213'),
('Senior Project Design', NULL, 'CS', 'CLA', '3 IST Courses > 310', '19F', 'WSC 212'),
('Introduction to Databases', NULL, 'CS', 'CLA', 'IST 126', '19F', 'WSC 238'),
('Cyber Defense', NULL, 'CS', 'CLA', NULL, '19F', 'WSC 212'),
('International Management/Marketing', NULL, 'Business', 'SSBE', NULL, '19F', 'MIC 100'),
('Medical Spanish', NULL, 'Business', 'SSBE', 'SPN 252', '19F', 'KNT 100'),
('Business Law', NULL, 'Business', 'SSBE', NULL, '19F', 'STN 241'),
('Intercultural Communication', NULL, 'Business', 'SSBE', NULL, '19F', 'KNT 206'),
('Student Managed Investment Fund', NULL, 'Business', 'SSBE', NULL, '19F', 'STN 238'),
('Beginning Spanish I', NULL, 'Foreign Language', NULL, NULL, '19F', 'KNT 108'),
('Beginning Spanish I Lab', NULL, 'Foreign Language', NULL, NULL, '19F', 'KNT 108'),
('Engaging the World: Science & Communications', NULL, NULL, 'CLA', NULL, '19F', 'KNT 101'),
('Programming 2', NULL, 'CS', 'CLA', 'CSC 204', '06S', 'WSC 238'),
('Introductory Statistics', NULL, 'IST', 'SSBE', NULL, '06S', 'SSBE 251'),
('Introduction to Macroeconomics', NULL, 'Economics', 'SSBE', NULL, '06S', 'SSBE 238'),
('Intro to Networks', NULL, 'CS', 'CLA', 'IST 126', '19F', 'WSC 212'),
('Intro to Operating Systems', NULL, 'CS', 'CLA', 'IST 126', '19F', 'WSC 212'),
('Database Systems', NULL, 'CS', 'CLA', 'IST 126', 'Fall', 'WSC 222'),
('Introduction to Africana Studies', NULL, NULL, NULL, NULL, 'Fall', 'WHM 205'),
('Introduction to Ethics', NULL, NULL, NULL, NULL, 'Fall', 'KNT 207'),
('Building Community', NULL, NULL, NULL, NULL, 'Fall', 'RYL 203'),
('Digital Storytelling', NULL, NULL, NULL, NULL, 'Fall', 'CCJ 131'),
('American Film as Art and History', NULL, 'TCO/IST', 'SSBE', NULL, '03S', 'RYL 206'),
('Multimedia', NULL, 'TCO/IST', 'SSBE', 'TCO 230', '03S', 'EGC 238'),
('Introductory to Managerial Accounting', NULL, 'FIN/IST', 'SSBE', 'ECN 150, 151, ACC 204', '19F', 'STN 243'),
('Principles of Finance', NULL, 'FIN/IST', 'SSBE', 'ECN 150, 151, ACC 204, MAT 133', '19F', 'STN 233'),
('Principles of Management', Null, 'FIN/IST', 'SSBE', 'ECN 150, 151', '19F', NULL),
('Introduction to American Government', NULL, 'FIN/IST', 'SSBE', NULL, '19F', 'RYL 206'),
('Introduction to Professional Communcation', 'Critical reading and thinking skills are developed through extensive readings and discussions of relevant topics', 'CS', 'CLA', NULL, '19F', 'EGR 144'),
('Statistical Methods', 'Applied methods of Regression Analysis', 'CS', 'CLA', 'STA 126', '19F', 'KNT 303'),
('Mercer University Marching Band', 'Participate and perform in Mercer Universitys Athletic Marching Band', NULL, NULL, NULL, '19F', 'PEN LGRM')
;

-- In Create table, we need to use InstructorID INT IDENTITY (1,1) to incremeent instructorID by 1 for every instance
INSERT INTO Instructors (lastName, firstName, office, phoneNum, email) VALUES
('Robinson', 'Joe', 'WSC 224', NULL, 'Joe.Sam.Robinson'),
('Zhao', 'Martin', 'WSC 224', '2452', 'ZHAO_MQ'),
('Goode', 'David', 'SEB 241', '2149', 'GOODE_DR' ),
('Cozart', 'David',	'WSC 220', '4087', 'COZART_DL'),
('Allen', 'Bob', 'WSC 232', '2817', 'ALLEN_R'),
('Grady', 'Helen', 'SEB 239', '2211', 'GRADY_H'),
('Brewer', 'Pam', 'SEB 242', '4146', 'brewer_pe'),
('Osborne', 'William', NULL, NULL, 'osborn_wh'),
('Tebakami', 'Eniye', 'WSC 223', '2594', NULL),
('Sowell', 'Jesse', 'WSC 230', '2399', 'sowell_j'),
('Carter', 'Donald', NULL, NULL, 'carter_de'),
('Flaming', 'Darlene', 'HAR 102A', '2757', 'flaming_dk'),
('Pounds', 'Andrew', 'WSC 231', '5627', 'pounds_aj'),
('Howard', 'Stepahnie', 'STN 217', '2832', 'howard_sd'),
('Masanet', 'Lydia', 'KNT 107', '2891', 'masanet_l'),
('Hunt', 'James', 'STN 231', '5540', 'hunt_jl'),
('Lewis', 'Paul', 'KNT 312B', '4166', 'lewis_pa'),
('Ngene', 'Geoffrey', 'STN 216', '2719', 'ngene_gm'),
('Mengolini', 'Clara', 'KNT 112', '2217', 'mengolini_c'),
('Cummings', 'Kevin', NULL, '2875', 'cummings_k'),
('Fontenot', 'Chester', NULL, '2345', 'fontenot_cj'),
('Jolley', 'Marc', 'Z-Beans', '2880', 'jolley_ma'),
('Hawkins', 'John', 'Z-Beans', NULL, 'hawkins_jc'),
('Prettyman', 'Michele', 'CCJ 104', '4199', 'prettyman_mg'),
('Scott', 'Tom', 'RYL 309', '2857', 'scott_tj'),
('Karadeniz', 'Suat', 'WAE 220', '5982', NULL),
('Pickering', 'Sam', 'STN 239', '0139', NULL),
('Tah', 'Kenneth', 'STN 220', '2817', 'tah_ka'),
('Grant', 'Christopher', 'RYL 203', '5519', 'GRANT_JC'),
('Robertson', 'Kristin', 'WSC 224', '2486', 'robertson_k'),
('Saravia', 'Antonio', 'STN 209', '5541', 'saravia_av')
;

INSERT INTO Students (MUID4, lastName, firstName, state, major, minor) VALUES
('5883', 'Cutchens', 'Kyle', 'GA', 'IST', 'MAT'),
('3571', 'Bassett', 'Liam', 'GA', 'IST', NULL),
('0205', 'Donnelly', 'Alex', 'GA', 'TCO & IST', NULL),
('0506', 'Elton', 'Sandy', 'GA', 'IST', NULL),
('7085', 'Garcia', 'Alvaro', 'NY', 'CS & IST', NULL),
('7246', 'Mandani', 'Tazeena', 'GA', 'FIN', 'SPN'),
('1273', 'Mathis', 'Chris', 'GA', 'IST', 'CSC'),
('3767', 'Mitchell', 'Daniel', 'GA', 'IST', 'CSC'),
('8018', 'Mohan', 'Anu', 'GA', 'IST', NULL),
('9522', 'Neal-Tysor', 'Amoria', 'NC', 'IST', 'COM'),
('6096', 'Pulliam', 'Jeremiah', 'AL', 'TCO & IST', NULL),
('8962', 'Rangan', 'Anish', 'GA', 'FIN & IST', NULL),
('8715', 'Stuckey', 'Willow', 'GA', 'IST', 'STA');


INSERT INTO Class (courseNum, courseName, courseDesrcription, sectionNum, semester) VALUES
('CSC 204', 'Programming 1', NULL, 2, '19F'),
('IST 220', 'Introduction to Databases', NULL, 1, NULL),
('IST 349', 'Management Information Systems', NULL, 2, '19F'),
('TCO 341', 'Technical Communication', NULL, 4, '19F'),
('CSC 323', 'Computer Organization and Logic Design', NULL, 1, '06S'),
('IST 276', 'Intro to Internet Programming', NULL, 1, '06S'),
('TCO 250', 'Communication in Management', NULL, 1, '06S'),
('TCO 361', 'Usability', NULL, 1, '06S'),
('TCO 485', 'Social Media Management', NULL, 1, '06S'),
('IST 485', 'Cyber Forensics', NULL, 1, '06S'),
('IST 417', 'Server Systems Security and Admin', NULL, 1, '06S'),
('IST 301', 'Experiential Learning Tech Support', NULL, 6, '2nd'),
('CSC 460', 'Beginning Spanish 2', NULL, 2, '2nd'),
('ART 203', 'Engaging the Old Testament', NULL, 9, '2nd'),
('CSC 480', 'Software Engineering', NULL, 1, '19F'),
('CSC 330', 'Organization of Programming Languages', NULL, 1, '19F'),
('CSC 499', 'Undergraduate Research', NULL, 1, '19F'),
('IST 317', 'Information Assurance and Security', NULL, 1, '19F'),
('IST 470', 'Senior Project Design', NULL, 1, '19F'),
('IST 301', 'Cyber Defense', NULL, 3, '19F'),
('MKT/MGT 472', 'International Management/Marketing', NULL, 2, '19F'),
('SPN 326', 'Medical Spanish', NULL, 1, '19F'),
('BUS 346', 'Business Law', NULL, 5, '19F'),
('COM 230', 'Intercultural Communication', NULL, 1, '19F'),
('FIN 406', 'Student Managed Investment Fund', NULL, 1, '19F'),
('IST 349', 'Management Information Systems', NULL, 3, '19F'),
('SPN 111', 'Beginning Spanish I', NULL, 4, '19F'),
('SPN 111', 'Beginning Spanish I Lab', NULL, 4, '19F'),
('INT 301', 'Engaging the World: Science & Communications', NULL, 8, '19F'),
('CSC 205', 'Programming 2', NULL, 1, '06S'),
('STA 126', 'Introductory Statistics', NULL, 5, '06S'),
('ECN 151', 'Introduction to Macroeconomics', NULL, 2, '06S'),
('IST 301', 'Experiential Learning', NULL, 2, '06S'),
('IST 221', 'Intro to Networks', NULL, 1, '19F'),
('IST 276', 'Intro to Internet Programming', NULL, 1, '19F'),
('IST 222', 'Intro to Operating Systems', NULL, 1, '19F'),
('IST 349', 'Management Information Systems', NULL, 1, '19F'),
('AFR 190', 'Introduction to Africana Studies', NULL, 1, 'Fall'),
('PHI 195', 'Introduction to Ethics', NULL, 2, 'Fall'),
('INT 201', 'Building Community', NULL, 1, 'Fall'),
('JMS 230', 'Digital Storytelling', NULL, 1, 'Fall'),
('HIS 245', 'Amercian Film as History and Art', NULL, 1, '03S'),
('STA 126', 'Introductory Statistics', NULL, 7, '03S'),
('TCO 325', 'Multimedia', NULL, 1, '03S'),
('ACC 205', 'Introductory Managerial Accounting', NULL, 1, '19F'),
('FIN 362', 'Principles of Finance', NULL, 1, '19F'),
('MGT 363', 'Principles of Management', NULL, 3, '19F'),
('POL 101', 'Introduction to American Government', NULL, 2, '19F'),
('CSC 204', 'Programming I', 'Learn how to program in a modern object-oriented language', 1, '19F'),
('IST 220', 'Introduction to Databases', 'Introduces relational database concepts and SQL skills with practical experience', 1, '19F'),
('TCO 141', 'Introduction to Professional Communication', 'Critical reading and thinking skills are developed through extensive readings and discussions of relevant topics', 2, '19F'),
('STA 227', 'Statistical Methods', 'Applied methods in regression analysis', 1, '19F'),
('MUS 195', 'Mercer University Marching Band', 'Participate and perform in Mercer Universitys Athletic Marching Band', 6, '19F')
;

INSERT INTO Location (classroom, buildingCode) VALUES
('WSC 238', 'WSC'),
('WSC 240', 'WSC'),
('WSC 239', 'WSC'),
('SEB 220', 'SEB'),
('CSB 238', 'CSB'),
('WSC 212', 'WSC'),
('SEB 201', 'SEB'),
('WSC 213', 'WSC'),
('SEB 202', 'SEB'),
('WSC 237', 'WSC'),
('KNT 101', 'KNT'),
('KNT 307', 'KNT'),
('MIC 100', 'MIC'),
('KNT 100', 'KNT'),
('STN 241', 'STN'),
('KNT 206', 'KNT'),
('STN 238', 'STN'),
('WSC 243', 'WSC'),
('KNT 108', 'KNT'),
('SSBE 251', 'SSBE'),
('SSBE 238', 'SSBE'),
('WHM 205', 'WHM'),
('RYL 203', 'RYL'),
('CCJ 131', 'CCJ'),
('WAE 110B', 'WAE'),
('EGC 238', 'EGC'),
('STN 243', 'STN'),
('STN 233', 'STN'),
('RYL 206', 'RYL'),
('EGR 144', 'EGR'),
('KNT 303', 'KNT'),
('PEN lGRM', 'PEN'),
('GRV 112', 'GRV'),
('STN 251', 'STN')
;

INSERT INTO Department (College) VALUES
('College of Liberal Arts'),
('Mercer University'), 
('School of Engineering'),
('Stetson School of Business and Economics')
;